phone_name,brand,os,inches,resolution,battery,battery_type,ram,announcement_date,weight,video,internal,price
Honor X6a,Honor,Android 13,"6.56""",720x1612 pixels,5200,Li-Po,4GB RAM,"2023, July 28",188 g (6.63 oz),1080p@30fps,128GB 4GB RAM,About 150 EUR
Honor Magic V2,Honor,Android 13,"7.92""",2156x2344 pixels,5000,Li-Po,16GB RAM,"2023, July 12",231 g or 237 g (8.15 oz),"4K@30/60fps (10-bit), 1080p@30/60fps, gyro-EIS, HDR10+, OIS","256GB 16GB RAM, 512GB 16GB RAM, 1TB 16GB RAM",About 1130 EUR
Honor X50,Honor,Android 13,"6.78""",1220x2652 pixels,5800,Li-Po,8-16GB RAM,"2023, July 05",185 g (6.53 oz),"4K@30fps, 1080p@30fps","128GB 8GB RAM, 256GB 8GB RAM, 256GB 12GB RAM, 512GB 16GB RAM",About 180 EUR
Honor Play 40,Honor,Android 13,"6.56""",720x1612 pixels,5200,Li-Po,6/8GB RAM,"2023, July 05",188 g (6.63 oz),1080p@30fps,"128GB 6GB RAM, 128GB 8GB RAM, 256GB 8GB RAM",About 180 EUR
Honor X50i,Honor,Android 13,"6.7""",1080x2388 pixels,4500,Li-Po,8/12GB RAM,"2023, July 05",179 g (6.31 oz),1080p@30fps,"256GB 8GB RAM, 256GB 12GB RAM",About 180 EUR
Honor 90 Lite,Honor,Android 13,"6.7""",1080x2388 pixels,4500,Li-Po,8GB RAM,"2023, June 20",179 g (6.31 oz),1080p@30fps,256GB 8GB RAM,$ 199.00 / € 230.55 / £ 199.00
Honor 90 Pro,Honor,Android 13,"6.78""",1224x2700 pixels,5000,Li-Po,12/16GB RAM,"2023, May 29",192 g (6.77 oz),"4K@30fps, 1080p@30/60fps, gyro-EIS","256GB 12GB RAM, 256GB 16GB RAM, 512GB 16GB RAM",About 440 EUR
Honor 90,Honor,Android 13,"6.7""",1200x2664 pixels,5000,Li-Po,8-16GB RAM,"2023, May 29",183 g (6.46 oz),"4K@30fps, 1080p@30/60fps, gyro-EIS","256GB 8GB RAM, 256GB 12GB RAM, 256GB 16GB RAM, 512GB 12GB RAM, 512GB 16GB RAM",$ 392.79 / € 449.00 / £ 399.00
Honor Play7T Pro,Honor,Android 12,"6.7""",1080x2388 pixels,4000,Li-Po,8GB RAM,"2023, March 28",175 g (6.17 oz),1080p@30fps,"128GB 8GB RAM, 256GB 8GB RAM",About 200 EUR
Honor Play7T,Honor,Android 12,"6.74""",720x1600 pixels,6000,Li-Po,8GB RAM,"2023, March 28",196 g (6.91 oz),1080p@30fps,"128GB 8GB RAM, 256GB 8GB RAM",About 150 EUR
Honor 70 Lite,Honor,Android 12,"6.5""",720x1600 pixels,5000,Li-Po,4GB RAM,"2023, March 20",194 g (6.84 oz),1080p@30fps,128GB 4GB RAM,$ 210.79 / € 171.20 / £ 149.00
Honor Magic5 Ultimate,Honor,Android 13,"6.81""",1312x2848 pixels,5450,,16GB RAM,"2023, March 06",217 g (7.65 oz),"4K@30/60fps, 1080p@30/60fps, gyro-EIS, HDR10, 10-bit video",512GB 16GB RAM,About 900 EUR
Honor Magic5 Pro,Honor,Android 13,"6.81""",1312x2848 pixels,5100,Li-Po,8-16GB RAM,"2023, February 27",219 g (7.72 oz),"4K@30/60fps, 1080p@30/60fps, gyro-EIS, HDR10, 10-bit video","256GB 8GB RAM, 256GB 12GB RAM, 512GB 12GB RAM, 512GB 16GB RAM","$ 1,027.00 / € 899.00 / £ 789.44"
Honor Magic5,Honor,Android 13,"6.73""",1224x2688 pixels,5100,Li-Po,12GB RAM,"2023, February 27",191 g (6.74 oz),"4K@30/60fps, 1080p@30/60fps, gyro-EIS, HDR10, 10-bit video","256GB 8GB RAM, 256GB 12GB RAM, 256GB 16GB RAM, 512GB 16GB RAM",About 900 EUR
Honor Magic5 Lite,Honor,Android 12,"6.67""",1080x2400 pixels,5100,Li-Po,6/8GB RAM,"2023, February 15",175 g (6.17 oz),1080p@30fps,"128GB 6GB RAM, 256GB 8GB RAM",$ 309.00 / € 259.60 / £ 249.00
Honor X8a,Honor,Android 12,"6.7""",1080x2388 pixels,4500,Li-Po,6/8GB RAM,"2023, February 08",179 g (6.31 oz),1080p@30fps,"128GB 6GB RAM, 128GB 8GB RAM",$ 189.00 / € 177.73 / £ 179.00
Honor X5,Honor,Android 12,"6.5""",720x1600 pixels,5000,Li-Po,2GB RAM,"2023, January 24",193 g (6.81 oz),1080p@30fps,32GB 2GB RAM,About 90 EUR
Honor X9a,Honor,Android 12,"6.67""",1080x2400 pixels,5100,Li-Po,6/8GB RAM,"2023, January 04",175 g (6.17 oz),1080p@30fps,"128GB 6GB RAM, 128GB 8GB RAM, 256GB 8GB RAM",About 260 EUR
Honor X7a,Honor,Android 12,"6.75""",720x1600 pixels,6000,Li-Po,4/6GB RAM,"2023, January 04",196 g (6.91 oz),1080p@30fps,"128GB 4GB RAM, 128GB 6GB RAM",$ 309.00 / € 164.34 / £ 129.00
Honor 80 Pro Flat,Honor,Android 12,"6.67""",1080x2400 pixels,4800,Li-Po,12GB RAM,"2023, January 06",186 g or 193 g (6.56 oz),"4K@30fps, 1080p@30/60fps, gyro-EIS",256GB 12GB RAM,About 450 EUR
Honor 80 GT,Honor,Android 12,"6.67""",1080x2400 pixels,4800,Li-Po,12/16GB RAM,"2022, December 26",187 g or 195 g (6.60 oz),"4K@30fps, 1080p@30/60fps, gyro-EIS","256GB 12GB RAM, 256GB 16GB RAM",About 450 EUR
Honor 80 Pro,Honor,Android 12,"6.78""",1224x2700 pixels,4800,Li-Po,8/12GB RAM,"2022, November 23",188 g (6.63 oz),"4K@30fps, 1080p@30/60fps, gyro-EIS","256GB 8GB RAM, 256GB 12GB RAM, 512GB 12GB RAM",$ 419.99
Honor 80,Honor,Android 12,"6.67""",1080x2400 pixels,4800,Li-Po,8/12GB RAM,"2022, November 23",180 g (6.35 oz),"4K@30fps, 1080p@30/60fps, gyro-EIS","256GB 8GB RAM, 256GB 12GB RAM, 512GB 12GB RAM",About 370 EUR
Honor 80 SE,Honor,Android 12,"6.67""",1080x2400 pixels,4600,Li-Po,8/12GB RAM,"2022, November 23",175 g (6.17 oz),"4K@30fps, 1080p@30/60fps","256GB 8GB RAM, 256GB 12GB RAM",About 370 EUR
Honor Magic Vs Ultimate,Honor,Android 12,"7.9""",1984x2272 pixels,5000,Li-Po,16GB RAM,"2022, November 23",265 g (9.35 oz),"4K@30/60fps (10-bit), 1080p@30/60fps, gyro-EIS, HDR10+",512GB 16GB RAM,About 1500 EUR
Honor Magic Vs,Honor,Android 13,"7.9""",1984x2272 pixels,5000,Li-Po,8/12GB RAM,"2022, November 23",261 g / 267 g (9.21 oz),"4K@30/60fps (10-bit), 1080p@30/60fps, gyro-EIS, HDR10+","256GB 8GB RAM, 256GB 12GB RAM, 512GB 12GB RAM","$ 1,379.99"
Honor Play 40 Plus,Honor,Android 12,"6.74""",720x1600 pixels,6000,Li-Po,6/8GB RAM,"2022, October 20",196 g (6.91 oz),1080p@30fps,"128GB 6GB RAM, 128GB 8GB RAM, 256GB 8GB RAM",About 170 EUR
Honor X40 GT,Honor,Android 12,"6.81""",1080x2388 pixels,4800,Li-Po,8/12GB RAM,"2022, October 13",199.5 g (7.05 oz),"4K@30fps, 1080p@30fps; gyro-EIS","256GB 8GB RAM, 256GB 12GB RAM",About 300 EUR
Honor Play6C,Honor,Android 11,"6.5""",720x1600 pixels,5000,Li-Po,6/8GB RAM,"2022, October 13",194 g (6.84 oz),1080p@30fps,"128GB 6GB RAM, 128GB 8GB RAM",About 150 EUR
Honor X6,Honor,Android 12,"6.5""",720x1600 pixels,5000,Li-Po,4GB RAM,"2022, September 21",194 g (6.84 oz),1080p@30fps,"64GB 4GB RAM, 128GB 4GB RAM",€ 128.75 / £ 176.07
Honor X40,Honor,Android 12,"6.67""",1080x2400 pixels,5100,Li-Po,6-12GB RAM,"2022, September 15",172 g (6.07 oz),1080p@30fps,"128GB 6GB RAM, 128GB 8GB RAM, 256GB 8GB RAM, 256GB 12GB RAM",About 210 EUR
Honor X8 5G,Honor,Android 11,"6.5""",720x1600 pixels,5000,Li-Po,6GB RAM,"2022, July 25",194 g (6.84 oz),1080p@30fps,128GB 6GB RAM,$ 445.00 / € 361.92
Honor X40i,Honor,Android 12,"6.7""",1080x2388 pixels,4000,Li-Po,8/12GB RAM,"2022, July 13",175 g (6.17 oz),1080p@30fps,"128GB 8GB RAM, 256GB 8GB RAM, 256GB 12GB RAM",About 240 EUR
Honor 70 Pro+,Honor,Android 12,"6.78""",1200x2652 pixels,4500,Li-Po,8/12GB RAM,"2022, May 30",192 g (6.77 oz),"4K@30fps, 1080p@30/60fps, gyro-EIS","256GB 8GB RAM, 256GB 12GB RAM",About 600 EUR
Honor 70 Pro,Honor,Android 12,"6.78""",1200x2652 pixels,4500,Li-Po,8/12GB RAM,"2022, May 30",192 g (6.77 oz),"4K@30fps, 1080p@30/60fps, gyro-EIS","256GB 8GB RAM, 256GB 12GB RAM, 512GB 12GB RAM",About 520 EUR
Honor 70,Honor,Android 12,"6.67""",1080x2400 pixels,4800,Li-Po,8/12GB RAM,"2022, May 30",178 g (6.28 oz),"4K@30fps, 1080p@30/60fps, gyro-EIS","128GB 8GB RAM, 256GB 8GB RAM, 256GB 12GB RAM, 512GB 12GB RAM",$ 529.00 / € 195.86 / £ 299.00
Honor Play 30,Honor,Android 11,"6.5""",720x1600 pixels,5000,Li-Po,4/8GB RAM,"2022, May 10",194 g (6.84 oz),1080p@30fps,"128GB 4GB RAM, 128GB 8GB RAM",About 150 EUR
Honor Play6T Pro,Honor,Android 11,"6.7""",1080x2388 pixels,4000,Li-Po,8GB RAM,"2022, April 07",175 g (6.17 oz),1080p@30fps,"128GB 8GB RAM, 256GB 8GB RAM",About 200 EUR
Honor Play6T,Honor,Android 11,"6.74""",720x1600 pixels,5000,Li-Po,8GB RAM,"2022, April 07",198 g (6.98 oz),1080p@30fps,"128GB 8GB RAM, 256GB 8GB RAM",About 180 EUR
Honor Magic4 Lite,Honor,Android 11,"6.81""",1080x2388 pixels,4800,Li-Po,6/8GB RAM,"2022, March 23",189 g (6.67 oz),1080p@30fps,"128GB 6GB RAM, 128GB 8GB RAM",$ 375.00 / € 220.23
Honor X7,Honor,Android 11,"6.74""",720x1600 pixels,5000,Li-Po,4/6GB RAM,"2022, March 30",198 g (6.98 oz),1080p@30fps,"128GB 4GB RAM, 128GB 6GB RAM",$ 190.00 / € 135.37 / £ 191.66
Honor X9,Honor,Android 11,"6.81""",1080x2388 pixels,4800,Li-Po,8GB RAM,"2022, March 31",189 g (6.67 oz),1080p@30fps,128GB 8GB RAM,About 230 EUR
Honor X9 5G,Honor,Android 11,"6.81""",1080x2388 pixels,4800,Li-Po,8GB RAM,"2022, March 29",189 g (6.67 oz),1080p@30fps,"128GB 8GB RAM, 256GB 8GB RAM",About 240 EUR
Honor Magic4 Ultimate,Honor,Android 12,"6.81""",1312x2848 pixels,4600,Li-Po,12GB RAM,"2022, March 17",242 g (8.54 oz),"4K@30/60fps, 1080p@30/60fps, gyro-EIS, HDR10, 10-bit video",512GB 12GB RAM,About 1150 EUR
Honor X8,Honor,Android 11,"6.7""",1080x2388 pixels,4000,Li-Po,6GB RAM,"2022, March 11",177 g (6.24 oz),1080p@30fps,128GB 6GB RAM,$ 162.12 / € 193.74 / £ 219.00
Honor Magic4 Pro,Honor,Android 12,"6.81""",1312x2848 pixels,4600,Li-Po,8/12GB RAM,"2022, February 28",209 g / 215 g (7.37 oz),"4K@30/60fps, 1080p@30/60fps, gyro-EIS, HDR10, 10-bit video","256GB 8GB RAM, 256GB 12GB RAM, 512GB 12GB RAM",$ 955.00 / € 622.02 / £ 499.99
Honor Magic4,Honor,Android 12,"6.81""",1224x2664 pixels,4800,Li-Po,8/12GB RAM,"2022, February 28",199 g (7.02 oz),"4K@30/60fps, 1080p@30/60fps, gyro-EIS, HDR10, 10-bit video","128GB 8GB RAM, 256GB 8GB RAM, 256GB 12GB RAM, 512GB 12GB RAM",About 900 EUR
Honor 60 SE,Honor,Android 11,"6.67""",1080x2400 pixels,4300,Li-Ion,8/12GB RAM,"2022, February 07",175 g (6.17 oz),1080p@30fps,"128GB 8GB RAM, 256GB 8GB RAM, 256GB 12GB RAM",About 300 EUR
Honor Magic V,Honor,Android 12,"7.9""",1984x2272 pixels,4750,Li-Po,12GB RAM,"2022, January 10",288 g / 293 g (10.16 oz),"4K@30/60fps, 1080p@30/60fps, gyro-EIS, HDR10+","256GB 12GB RAM, 512GB 12GB RAM",About 1400 EUR
Honor X30,Honor,Android 11,"6.81""",1080x2388 pixels,4800,Li-Po,6-12GB RAM,"2021, December 16",189 g (6.67 oz),1080p@30fps,"128GB 6GB RAM, 128GB 8GB RAM, 256GB 8GB RAM, 256GB 12GB RAM",About 210 EUR
Honor Play 30 Plus,Honor,Android 11,"6.74""",720x1600 pixels,5000,Li-Po,4-8GB RAM,"2021, December 16",198 g (6.98 oz),1080p@30fps,"128GB 4GB RAM, 128GB 6GB RAM, 128GB 8GB RAM",About 150 EUR
Honor 60 Pro,Honor,Android 11,"6.78""",1200x2652 pixels,4800,Li-Po,8/12GB RAM,"2021, December 01",192 g (6.77 oz),"4K@30fps, 1080p@30/60fps, gyro-EIS","256GB 8GB RAM, 256GB 12GB RAM",About 390 EUR
Honor 60,Honor,Android 11,"6.67""",1080x2400 pixels,4800,Li-Ion,8/12GB RAM,"2021, December 01",179 g (6.31 oz),"4K@30fps, 1080p@30/60fps, gyro-EIS","128GB 8GB RAM, 256GB 8GB RAM, 256GB 12GB RAM",About 500 EUR
Honor X30 Max,Honor,Android 11,"7.09""",1080x2280 pixels,5000,Li-Po,8GB RAM,"2021, October 28",228 g (8.04 oz),"4K@30fps, 1080p@30fps, gyro-EIS","128GB 8GB RAM, 256GB 8GB RAM",About 320 EUR
Honor X30i,Honor,Android 11,"6.7""",1080x2388 pixels,4000,Li-Po,6/8GB RAM,"2021, October 28",175 g (6.17 oz),1080p@30fps,"128GB 6GB RAM, 128GB 8GB RAM, 256GB 8GB RAM",About 190 EUR
Honor 50 Lite,Honor,Android 11,"6.67""",1080x2376 pixels,4300,Li-Po,6/8GB RAM,"2021, October 25",192 g (6.77 oz),1080p@30fps,"128GB 6GB RAM, 128GB 8GB RAM",$ 285.00 / € 244.99 / £ 286.09
Honor Play5 Youth,Honor,Android 11,"6.67""",1080x2376 pixels,4300,Li-Po,8GB RAM,"2021, October 25",192 g (6.77 oz),"4K@30fps, 1080p@30fps, gyro-EIS","128GB 8GB RAM, 256GB 8GB RAM",About 240 EUR
Honor X20,Honor,Android 11,"6.67""",1080x2376 pixels,4300,Li-Po,6/8GB RAM,"2021, August 13",192 g (6.77 oz),"4K@30fps, gyro-EIS","128GB 6GB RAM, 128GB 8GB RAM, 256GB 8GB RAM",About 250 EUR
Honor Magic3 Pro+,Honor,Android 11,"6.76""",1344x2772 pixels,4600,Li-Po,12GB RAM,"2021, August 12",236 g (8.32 oz),"4K@30/60fps, 1080p@30/60fps, gyro-EIS",512GB 12GB RAM,About 1070 EUR
Honor Magic3 Pro,Honor,Android 11,"6.76""",1344x2772 pixels,4600,Li-Po,8/12GB RAM,"2021, August 12",212 g / 213 g (7.48 oz),"4K@30/60fps, 1080p@30/60fps, gyro-EIS","256GB 8GB RAM, 256GB 12GB RAM, 512GB 12GB RAM",About 800 EUR
Honor Magic3,Honor,Android 11,"6.76""",1344x2772 pixels,4600,Li-Po,8GB RAM,"2021, August 12",203 g (Glass) / 202 g (Vegan Leather) (7.16 oz),"4K@30/60fps, 1080p@30/60fps, gyro-EIS","128GB 8GB RAM, 256GB 8GB RAM",About 670 EUR
Honor Play 5T Pro,Honor,Android 11,"6.6""",1080x2400 pixels,4000,Li-Po,8GB RAM,"2021, August 05",179 g (6.31 oz),"1080p@30fps, gyro-EIS",128GB 8GB RAM,About 200 EUR
Honor X20 SE,Honor,Android 11,"6.6""",1080x2400 pixels,4000,Li-Po,6/8GB RAM,"2021, June 30",179 g (6.31 oz),"1080p@30fps, gyro-EIS","128GB 6GB RAM, 128GB 8GB RAM",About 240 EUR
Honor 50 Pro,Honor,Android 11,"6.72""",1236x2676 pixels,4000,Li-Po,8/12GB RAM,"2021, June 16",187 g (6.60 oz),"4K@30fps, 1080p@30/60fps, gyro-EIS","256GB 8GB RAM, 256GB 12GB RAM",About 480 EUR
Honor 50,Honor,Android 11,"6.57""",1080x2340 pixels,4300,Li-Po,6-12GB RAM,"2021, June 16",175 g (6.17 oz),"4K@30fps, 1080p@30/60fps, gyro-EIS","128GB 6GB RAM, 128GB 8GB RAM, 256GB 8GB RAM, 256GB 12GB RAM",$ 455.00
Honor 50 SE,Honor,Android 11,"6.78""",1080x2388 pixels,4000,Li-Po,8/12GB RAM,"2021, June 16",191 g (6.74 oz),"4K@30fps, 1080p@30/60fps, gyro-EIS","128GB 8GB RAM, 256GB 8GB RAM, 256GB 12GB RAM",About 310 EUR
Honor Play5 5G,Honor,Android 10,"6.53""",1080x2400 pixels,3800,Li-Po,8GB RAM,"2021, May 18",179 g (6.31 oz),"4K@30fps, 1080p@30fps, gyro-EIS","128GB 8GB RAM, 256GB 8GB RAM",About 270 EUR
Honor Play 20,Honor,Android 10,"6.52""",720x1600 pixels,5000,Li-Po,4-8GB RAM,"2021, April 26",198 g (6.98 oz),1080p@30fps,"64GB 4GB RAM, 128GB 4GB RAM, 128GB 6GB RAM, 128GB 8GB RAM",About 110 EUR
Honor Play 5T Youth,Honor,Android 10,"6.6""",720x1600 pixels,5000,Li-Po,6/8GB RAM,"2021, April 20",191 g (6.74 oz),1080p@30fps,"128GB 6GB RAM, 128GB 8GB RAM",About 170 EUR
Honor V40 Lite,Honor,Android 10,"6.57""",1080x2340 pixels,3800,Li-Po,8GB RAM,"2021, March 23",169 g (5.96 oz),"4K, 1080p, 720p@960fps, gyro-EIS","128GB 8GB RAM, 256GB 8GB RAM",About 390 EUR
Honor V40 5G,Honor,Android 10,"6.72""",1236x2676 pixels,4000,Li-Po,8GB RAM,"2021, January 22",189 g (6.67 oz),"4K, 1080p, 720p@1920fps, HDR, gyro-EIS","128GB 8GB RAM, 256GB 8GB RAM",About 460 EUR
Honor 10X Lite,Honor,Android 10,"6.67""",1080x2400 pixels,5000,Li-Po,4GB RAM,"2020, October 29",206 g (7.27 oz),1080p@30/60fps,128GB 4GB RAM,About 230 EUR
Honor 30i,Honor,Android 10,"6.3""",1080x2400 pixels,4000,Li-Po,4GB RAM,"2020, September 11",171.5 g (6.07 oz),1080p@30fps,128GB 4GB RAM,About 200 EUR
Honor X10 Max 5G,Honor,Android 10,"7.09""",1080x2280 pixels,5000,Li-Po,6/8GB RAM,"2020, July 02",232 g (8.18 oz),"4K@30fps, 1080p@30fps, gyro-EIS","64GB 6GB RAM, 128GB 6GB RAM, 128GB 8GB RAM",About 240 EUR
Honor 30 Youth,Honor,Android 10,"6.5""",1080x2400 pixels,4000,Li-Po,6/8GB RAM,"2020, July 02",192 g (6.77 oz),"4K@30fps, 1080p@30fps","64GB 6GB RAM, 128GB 6GB RAM, 128GB 8GB RAM",About 220 EUR
Honor 8S 2020,Honor,Android 9.0,"5.71""",720x1520 pixels,3020,Li-Po,3GB RAM,"2020, May 27",146 g (5.15 oz),1080p@30fps,64GB 3GB RAM,About 110 EUR
Honor Play4,Honor,Android 10,"6.81""",1080x2400 pixels,4300,Li-Po,8GB RAM,"2020, June 03",213 g (7.51 oz),"4K@30fps, 1080p@30fps, gyro-EIS",128GB 8GB RAM,About 250 EUR
Honor Play4 Pro,Honor,Android 10,"6.57""",1080x2400 pixels,4200,Li-Po,8GB RAM,"2020, June 03",213 g (7.51 oz),"4K@30/60fps, 1080p@30fps, 1080p@960fps, OIS, gyro-EIS",128GB 8GB RAM,About 360 EUR
Honor X10 5G,Honor,Android 10,"6.63""",1080x2400 pixels,4300,Li-Po,6/8GB RAM,"2020, May 20",203 g (7.16 oz),"4K@30fps, 1080p@30fps, 720p@960fps, gyro-EIS","64GB 6GB RAM, 128GB 6GB RAM, 128GB 8GB RAM",About 250 EUR
Honor V6,Honor,Android 10,"10.4""",1200x2000 pixels,7250,Li-Po,6/8GB RAM,"2020, May 19",480 g (1.06 lb),1080p@30fps,"64GB 6GB RAM, 128GB 6GB RAM, 256GB 8GB RAM",About 280 EUR
Honor 9A,Honor,Android 10,"6.3""",720x1600 pixels,5000,Li-Po,3GB RAM,"2020, April 29",185 g (6.53 oz),1080p@30fps,64GB 3GB RAM,About 150 EUR
Honor 9C,Honor,Android 10,"6.39""",720x1560 pixels,4000,Li-Po,4GB RAM,"2020, April 29",176 g (6.21 oz),1080p@30fps,64GB 4GB RAM,About 160 EUR
Honor 9S,Honor,Android 10,"5.45""",720x1440 pixels,3020,Li-Po,2GB RAM,"2020, April 29",144 g (5.08 oz),1080p@30fps,32GB 2GB RAM,About 90 EUR
Honor 9X Lite,Honor,Android 9.0,"6.5""",1080x2340 pixels,3750,Li-Po,4GB RAM,"2020, April 17",188 g (6.63 oz),1080p@30fps,128GB 4GB RAM,About 220 EUR
Honor 30 Pro+,Honor,Android 10,"6.57""",1080x2340 pixels,4000,Li-Po,8/12GB RAM,"2020, April 15",190 g (6.70 oz),"4K@30/60fps, 1080p@30/60fps, 1080p@1920fps; gyro-EIS","256GB 8GB RAM, 256GB 12GB RAM",About 650 EUR
Honor 30 Pro,Honor,Android 10,"6.57""",1080x2340 pixels,4000,Li-Po,8GB RAM,"2020, April 15",186 g (6.56 oz),"4K@30/60fps, 1080p@30/60fps, 1080p@1920fps; gyro-EIS","128GB 8GB RAM, 256GB 8GB RAM",About 670 EUR
Honor 30,Honor,Android 10,"6.53""",1080x2400 pixels,4000,Li-Po,6/8GB RAM,"2020, April 15",185 g (6.53 oz),"4K@30/60fps, 1080p@30/60fps, 720p@960fps; gyro-EIS","128GB 6GB RAM, 128GB 8GB RAM, 256GB 8GB RAM",About 1170 EUR
Honor 20e,Honor,Android 9.0,"6.21""",1080x2340 pixels,3400,Li-Po,6GB RAM,"2020, April 16",164 g (5.78 oz),1080p@30/60fps,64GB 4GB RAM,About 180 EUR
Honor Play 4T Pro,Honor,Android 10,"6.3""",1080x2400 pixels,4000,Li-Po,6/8GB RAM,"2020, April 09",165 g (5.82 oz),"4K@30fps, 1080p@30fps","128GB 6GB RAM, 128GB 8GB RAM",About 200 EUR
Honor Play 4T,Honor,Android 10,"6.39""",720x1560 pixels,4000,Li-Po,6GB RAM,"2020, April 09",176 g (6.21 oz),1080p@30fps,128GB 6GB RAM,About 160 EUR
Honor 8A 2020,Honor,Android 9.0,"6.09""",720x1560 pixels,3020,Li-Po,3GB RAM,"2020, April 10",150 g (5.29 oz),1080p@30fps,64GB 3GB RAM,About 150 EUR
Honor 8A Prime,Honor,Android 9.0,"6.09""",720x1560 pixels,3020,Li-Po,3GB RAM,"2020, March 30",150 g (5.29 oz),1080p@30fps,64GB 3GB RAM,About 110 EUR
Honor 30S,Honor,Android 10,"6.5""",1080x2400 pixels,4000,Li-Po,6/8GB RAM,"2020, March 30",190 g (6.70 oz),"4K@30fps, 1080p@30fps, 720p@960fps, gyro-EIS","128GB 6GB RAM, 128GB 8GB RAM, 256GB 8GB RAM",About 310 EUR
Honor Play 9A,Honor,Android 10,"6.3""",720x1600 pixels,5000,Li-Po,4GB RAM,"2020, March 30",185 g (6.53 oz),1080p@30fps,"64GB 4GB RAM, 128GB 4GB RAM",About 120 EUR
Honor V30 Pro,Honor,Android 10,"6.57""",1080x2400 pixels,4100,Li-Po,8GB RAM,"2019, November",206 g (7.27 oz),"4K@30fps, 1080p@30fps, 720p@960fps, (gyro-EIS)","128GB 8GB RAM, 256GB 8GB RAM",About 500 EUR
Honor V30,Honor,Android 10,"6.57""",1080x2400 pixels,4200,Li-Po,6/8GB RAM,"2019, November",213 g (7.51 oz),"4K@30fps, 1080p@30fps, 720p@960fps, (gyro-EIS)","128GB 6GB RAM, 128GB 8GB RAM",About 430 EUR
Honor 9X,Honor,Android 9.0,"6.59""",1080x2340 pixels,4000,Li-Po,4/6GB RAM,"2019, October 28",196.8 g (6.95 oz),1080p@30/60fps,"64GB 4GB RAM, 128GB 4GB RAM, 128GB 6GB RAM",About 240 EUR
Honor 20 lite (China),Honor,Android 9.0,"6.3""",1080x2400 pixels,4000,Li-Po,4-8GB RAM,"2019, October",171.5 g (6.07 oz),1080p@30fps,"64GB 4GB RAM, 64GB 6GB RAM, 128GB 6GB RAM, 128GB 8GB RAM",About 220 EUR
Honor Play 3e,Honor,Android 9.0,"5.71""",720x1520 pixels,3020,Li-Po,2/3GB RAM,"2019, September",146 g (5.15 oz),1080p@30fps,"32GB 2GB RAM, 64GB 3GB RAM",About 90 EUR
Honor Play 3,Honor,Android 9.0,"6.39""",720x1560 pixels,4000,Li-Po,4/6GB RAM,"2019, September",176 g (6.21 oz),1080p@30fps,"64GB 4GB RAM, 64GB 6GB RAM, 128GB 4GB RAM",About 130 EUR
Honor 20S,Honor,Android 9.0,"6.26""",1080x2340 pixels,3750,Li-Po,6/8GB RAM,"2019, September",172 g (6.07 oz),1080p@30fps,"128GB 6GB RAM, 128GB 8GB RAM",About 250 EUR
Honor 9X Pro,Honor,Android 9.0,"6.59""",1080x2340 pixels,4000,Li-Po,6/8GB RAM,"2019, July 23",202 g (7.13 oz),"1080p@30fps, gyro-EIS","128GB 8GB RAM, 256GB 6GB RAM, 256GB 8GB RAM",About 230 EUR
Honor 9X (China),Honor,Android 9.0,"6.59""",1080x2340 pixels,4000,Li-Po,4-8GB RAM,"2019, July",206 g (7.27 oz),1080p@30fps,"64GB 4GB RAM, 64GB 6GB RAM, 128GB 6GB RAM, 128GB 8GB RAM",About 180 EUR
Honor 8S,Honor,Android 9.0,"5.71""",720x1520 pixels,3020,Li-Po,2/3GB RAM,"2019, April",146 g (5.15 oz),1080p@30fps,"32GB 2GB RAM, 64GB 3GB RAM",About 120 EUR
Honor 20 Pro,Honor,Android 9.0,"6.26""",1080x2340 pixels,4000,Li-Po,8GB RAM,"2019, May",182 g (6.42 oz),"4K@30fps, 1080p@30/60fps; gyro-EIS","128GB 8GB RAM, 256GB 8GB RAM",About 470 EUR
Honor 20,Honor,Android 9.0,"6.26""",1080x2340 pixels,3750,Li-Po,6/8GB RAM,"2019, May",174 g (6.14 oz),"4K@30fps, 1080p@30/60fps; gyro-EIS","128GB 6GB RAM, 128GB 8GB RAM, 256GB 8GB RAM",About 400 EUR
Honor 20 lite,Honor,Android 9.0,"6.21""",1080x2340 pixels,3400,Li-Po,4-8GB RAM,"2019, April",164 g (5.78 oz),1080p@30/60fps,"64GB 4GB RAM, 64GB 6GB RAM, 128GB 4GB RAM, 128GB 6GB RAM, 128GB 8GB RAM",About 190 EUR
Honor 20i,Honor,Android 9.0,"6.21""",1080x2340 pixels,3400,Li-Po,4/6GB RAM,"2019, April",164 g (5.78 oz),1080p@30/60fps,"64GB 6GB RAM, 128GB 4GB RAM, 128GB 6GB RAM, 256GB 6GB RAM",About 210 EUR
Honor 8A Pro,Honor,Android 9.0,"6.09""",720x1560 pixels,3020,Li-Po,2/3GB RAM,"2019, April",150 g (5.29 oz),1080p@30fps,"32GB 2GB RAM, 32GB 3GB RAM, 64GB 3GB RAM",About 200 EUR
Honor Magic 2 3D,Honor,Android 9.0,"6.39""",1080x2340 pixels,3500,Li-Po,6/8GB RAM,"2019, March",206 g (7.27 oz),"4K@30fps, 1080p@30fps, 720p@480fps","128GB 6GB RAM, 128GB 8GB RAM, 256GB 8GB RAM, 512GB 8GB RAM",About 600 EUR
Honor Magic 2,Honor,Android 9.0,"6.39""",1080x2340 pixels,3500,Li-Po,6/8GB RAM,"2018, October",206 g (7.27 oz),"4K@30fps, 1080p@30fps, 720p@480fps","128GB 6GB RAM, 128GB 8GB RAM, 256GB 8GB RAM",About 550 EUR
Honor Play 8A,Honor,Android 9.0,"6.09""",720x1560 pixels,3020,Li-Po,3GB RAM,"2019, January",150 g (5.29 oz),1080p@30fps,"32GB 3GB RAM, 64GB 3GB RAM",About 100 EUR
Honor 10 Lite,Honor,Android 9.0,"6.21""",1080x2340 pixels,3400,Li-Po,3-6GB RAM,"2018, November",162 g (5.71 oz),1080p@30/60fps,"32GB 3GB RAM, 64GB 3GB RAM, 64GB 4GB RAM, 64GB 6GB RAM, 128GB 3GB RAM, 128GB 6GB RAM",About 180 EUR
Honor 8C,Honor,Android 8.1,"6.26""",720x1520 pixels,4000,Li-Po,3/4GB RAM,"2018, October",167.2 g (5.89 oz),1080p@30fps,"32GB 3GB RAM, 32GB 4GB RAM, 64GB 4GB RAM",About 170 EUR
Honor 8X,Honor,Android 8.1,"6.5""",1080x2340 pixels,3750,Li-Po,4/6GB RAM,"2018, September",175 g (6.17 oz),"1080p@30/60fps, 480fps, stereo sound rec.","64GB 4GB RAM, 64GB 6GB RAM, 128GB 4GB RAM, 128GB 6GB RAM",About 220 EUR
Honor 8X Max,Honor,Android 8.1,"7.12""",1080x2244 pixels,5000,Li-Po,4/6GB RAM,"2018, September",210 g (7.41 oz),1080p@30fps,"64GB 4GB RAM, 64GB 6GB RAM, 128GB 4GB RAM, 128GB 6GB RAM",About 250 EUR
Honor Note 10,Honor,Android 8.1,"6.95""",1080x2220 pixels,5000,Li-Po,6/8GB RAM,"2018, July",230 g (8.11 oz),"4K@30fps, 1080p@30fps (gyro-EIS)","64GB 6GB RAM, 128GB 6GB RAM, 128GB 8GB RAM",About 400 EUR
Honor 9N (9i),Honor,Android 8.0,"5.84""",1080x2280 pixels,3000,Li-Po,3/4GB RAM,"2018, July",152 g (5.36 oz),1080p@30fps,"32GB 3GB RAM, 64GB 4GB RAM, 128GB 4GB RAM",About 220 EUR
Honor Play,Honor,Android 8.1,"6.3""",1080x2340 pixels,3750,Li-Po,4/6GB RAM,"2018, July",176 g (6.21 oz),"4K@30fps, 1080p@60fps, 1080p@30fps (gyro-EIS)","64GB 4GB RAM, 64GB 6GB RAM, 128GB 6GB RAM",About 250 EUR
Honor 7S,Honor,Android 8.1,"5.45""",720x1440 pixels,3020,Li-Ion,1/2GB RAM,"2018, May",142 g (5.01 oz),1080p@30fps,"16GB 2GB RAM, 16GB 1GB RAM",About 110 EUR
Honor 10,Honor,Android 8.1,"5.84""",1080x2280 pixels,3400,Li-Po,4-8GB RAM,"2018, May",153 g (5.40 oz),"4K@30fps, 1080p@30/60fps (gyro-EIS)","64GB 4GB RAM, 64GB 6GB RAM, 128GB 4GB RAM, 128GB 6GB RAM, 128GB 8GB RAM",About 310 EUR
Honor 7A,Honor,Android 8.0,"5.7""",720x1440 pixels,3000,Li-Po,2/3GB RAM,"2018, April",150 g (5.29 oz),1080p@30fps,"16GB 2GB RAM, 32GB 2GB RAM, 32GB 3GB RAM",About 120 EUR
Honor 7C,Honor,Android 8.0,"5.99""",720x1440 pixels,3000,Li-Po,3/4GB RAM,"2018, May",164 g (5.78 oz),1080p@30fps,"32GB 3GB RAM, 32GB 4GB RAM, 64GB 4GB RAM",About 200 EUR
Honor 9 Lite,Honor,Android 8.0,"5.65""",1080x2160 pixels,3000,Li-Po,3/4GB RAM,"2017, December",149 g (5.26 oz),1080p@30fps,"32GB 3GB RAM, 32GB 4GB RAM, 64GB 4GB RAM",About 190 EUR
